ÐòºÅ,gender,age,educationalbacground,judge,IS1,IS2,SM1(WEIBO),SM2(REDBOOK),SM3(TIKTOK),SM4(KAUISHOU),SM5(WECHAT),Print Media,Mass Media,Personal Network,LLM,IL1,TIL1,IL2,TIL2,IL3,TIL3,IA1,TIA1,IA2,TIA2,IA3,TIA3,ID1,TID1,ID2,TID2,ID3,TID3
1,2,2,4,1,4,4,4,3,3,1,4,1,2,2,2,3,3,3,4,4,2,3,3,4,3,4,4,2,4,2,4,2,4
2,2,2,4,1,5,5,2,4,3,1,3,3,1,2,2,5,4,4,4,5,4,2,4,2,4,2,4,2,3,1,5,4,2
3,2,2,4,1,5,5,3,2,4,1,4,2,1,3,2,2,1,2,1,5,5,5,5,5,3,5,5,5,5,5,4,5,5
4,2,4,2,1,4,4,5,4,6,6,3,3,2,5,4,5,4,2,4,3,5,4,5,4,5,5,4,4,4,5,5,2,3
5,2,4,2,1,4,4,3,6,6,6,6,2,2,2,5,2,4,4,3,5,5,4,2,5,4,5,4,5,4,4,3,4,4
6,1,4,2,1,2,5,6,5,6,2,5,4,2,5,5,4,3,4,4,5,4,4,2,5,4,3,4,5,2,5,4,3,2
7,2,3,3,1,5,4,5,4,6,4,4,2,3,5,5,4,4,3,5,4,5,5,4,2,5,4,3,5,5,5,5,4,4
8,1,6,1,1,4,5,6,4,5,4,4,4,5,4,6,2,5,5,5,4,3,4,5,4,4,4,5,5,4,5,3,5,5
9,2,2,1,1,2,2,6,5,6,5,6,3,2,3,5,4,4,5,2,5,2,4,4,5,4,5,4,4,5,4,3,3,4
10,2,2,3,1,4,5,3,5,6,4,3,2,2,3,5,3,4,4,5,3,4,5,4,5,5,4,3,3,3,5,3,5,4
11,1,4,3,1,4,3,3,4,3,4,2,4,2,3,5,5,4,4,5,3,3,2,4,4,2,5,4,4,5,5,5,5,4
12,2,3,3,1,2,5,5,6,5,5,4,5,4,5,5,5,5,5,5,5,3,5,4,4,4,4,5,3,3,4,4,5,4
13,1,5,2,1,3,4,5,5,6,2,4,4,4,5,5,4,4,4,4,4,4,3,5,4,4,4,4,4,4,4,4,2,2
14,2,2,1,1,3,5,5,2,6,4,4,1,2,4,5,5,4,4,5,4,4,3,5,5,4,4,4,2,4,5,4,4,4
15,1,4,3,1,5,4,5,4,5,6,5,2,2,5,5,5,4,5,4,5,5,3,5,5,4,4,5,4,4,4,4,4,4
16,1,3,3,1,4,4,5,6,6,6,5,4,4,5,6,5,3,5,3,4,4,5,4,5,2,4,5,4,5,4,4,5,4
17,1,5,4,1,4,4,6,4,5,4,3,1,2,3,5,4,5,5,5,3,4,4,4,4,4,4,5,4,4,5,2,5,5
18,1,4,3,1,4,5,5,4,3,4,3,4,1,6,5,4,4,5,4,5,4,4,4,5,4,5,5,4,4,4,4,2,4
19,2,3,3,1,5,5,4,3,6,6,5,4,2,6,6,2,4,4,5,5,5,5,5,5,4,3,5,4,2,4,5,4,4
20,2,6,1,1,3,4,4,5,6,5,4,1,2,5,6,5,5,5,4,2,4,2,5,4,4,4,4,5,4,5,4,5,4
21,1,2,2,1,5,4,5,4,2,6,4,2,2,3,5,4,3,4,5,5,5,5,5,3,5,5,2,5,4,5,5,4,4
22,1,5,4,1,4,4,5,4,3,4,5,3,2,6,5,4,3,3,5,3,5,5,4,3,4,5,5,4,5,4,4,2,4
23,1,4,2,1,4,4,3,4,6,3,3,3,2,5,5,4,3,2,5,5,4,3,5,2,2,3,4,4,5,5,4,4,5
24,1,4,1,1,5,5,6,4,5,6,4,1,2,4,6,4,5,4,5,5,4,2,5,2,4,5,3,5,4,4,4,3,2
25,2,3,1,1,4,4,4,5,6,3,5,3,3,6,4,5,5,4,5,3,4,3,5,2,4,4,4,5,2,3,4,5,4
26,1,6,3,1,4,5,6,6,6,5,3,2,2,6,2,5,4,5,4,5,3,5,4,4,4,4,4,3,5,4,5,2,5
27,1,3,1,1,4,5,3,4,6,6,5,2,5,4,6,5,4,5,5,5,5,2,5,3,5,4,3,5,4,5,5,4,5
28,2,6,2,1,5,4,4,4,6,6,5,2,3,4,5,4,4,4,5,5,4,4,3,4,4,5,4,4,2,5,4,5,4
29,2,4,2,1,2,4,5,2,5,4,3,1,2,5,5,5,4,4,5,5,3,4,5,5,4,4,3,5,5,5,4,2,2
30,2,4,2,1,5,3,3,5,2,4,2,1,2,5,2,4,4,5,3,4,4,4,4,5,3,5,4,4,5,4,2,5,4
31,2,4,4,1,4,3,6,4,4,4,4,5,2,5,5,3,4,5,5,4,5,5,5,4,4,4,4,4,5,4,4,4,2
32,1,6,3,1,4,4,6,3,6,5,5,3,2,6,6,3,3,4,4,4,5,5,5,4,3,4,4,4,5,3,5,5,4
33,1,4,3,1,4,5,5,6,3,4,5,2,2,5,6,5,4,5,4,5,4,5,5,5,5,4,4,4,4,3,3,5,2
34,2,4,2,1,4,4,6,4,6,5,6,2,5,5,5,4,4,3,5,5,3,5,4,4,4,5,3,2,5,4,4,4,3
35,1,2,3,1,5,2,3,6,6,4,4,3,4,4,3,5,4,4,5,3,4,5,3,5,4,4,5,3,5,3,4,4,4
36,1,3,2,1,4,2,5,5,6,3,6,2,2,5,6,5,4,4,4,5,4,5,5,4,3,5,4,5,2,3,5,5,5
37,2,4,3,1,2,4,5,5,2,4,5,5,5,4,4,3,4,5,5,5,5,3,2,5,4,4,4,5,2,4,5,3,5
38,2,2,2,1,4,5,5,4,4,4,4,2,2,5,6,4,4,3,4,5,4,4,3,4,3,4,4,4,5,4,4,5,5
39,2,3,3,1,4,3,5,4,6,4,2,3,2,5,5,4,3,5,5,5,4,5,5,3,4,4,4,5,5,4,5,3,4
40,2,2,2,1,5,5,6,6,3,2,4,3,5,5,5,5,2,4,4,4,5,5,4,4,4,4,4,3,5,4,4,5,4
41,1,5,3,1,4,3,6,6,5,3,4,1,2,3,5,3,4,5,5,5,4,4,5,5,4,5,4,5,5,4,4,3,5
42,2,3,4,1,4,4,6,4,3,5,2,2,2,3,4,5,4,4,4,4,4,4,5,4,4,3,4,4,3,5,4,5,5
43,2,6,3,1,4,5,4,4,6,5,6,1,2,5,5,5,4,4,3,4,5,5,4,3,4,4,4,4,5,4,4,5,5
44,2,5,1,1,4,5,6,4,6,4,5,4,3,5,5,3,4,5,5,5,3,4,5,4,5,5,4,5,4,4,5,5,4
45,2,4,2,1,5,4,5,3,2,5,5,2,2,5,5,5,2,5,4,5,3,4,4,4,4,4,3,2,5,5,5,4,4
46,2,4,3,1,4,4,4,5,4,4,6,2,2,6,2,4,3,3,4,5,5,4,4,5,5,2,5,2,5,5,4,4,2
47,2,3,2,1,4,3,5,4,6,5,5,4,3,5,3,4,4,5,4,5,4,4,4,4,4,5,4,5,4,4,4,4,4
48,2,4,2,1,4,4,4,5,4,4,3,2,1,5,6,5,4,5,4,5,5,4,5,4,4,4,4,5,4,5,4,4,5
49,1,2,3,1,3,3,5,4,5,5,5,5,2,5,6,5,5,4,3,4,5,4,3,4,5,4,2,3,5,3,2,4,4
50,2,2,2,1,4,2,5,4,5,5,5,3,4,3,5,4,2,5,5,3,2,4,5,2,5,5,4,4,4,3,4,3,2
51,2,2,3,1,4,5,6,3,5,4,6,1,2,4,5,2,5,5,4,5,4,4,4,5,4,5,3,4,4,5,5,5,4
52,1,4,3,1,4,5,5,4,4,5,5,2,2,4,5,5,4,5,5,5,4,4,2,5,4,4,4,4,4,4,2,5,4
53,2,3,5,1,5,4,6,3,4,3,6,1,3,5,4,3,4,5,5,4,5,4,4,5,4,4,4,3,4,5,5,5,4
54,1,3,3,1,4,5,5,4,5,4,6,4,5,5,6,4,5,3,5,4,4,5,4,5,2,5,3,5,3,5,4,5,4
55,1,6,3,1,5,4,6,2,5,5,4,1,2,5,5,3,4,4,4,5,4,4,4,4,4,4,3,5,5,5,5,3,5
56,1,2,1,1,4,5,2,3,5,4,6,1,4,3,6,4,4,2,5,3,4,5,4,2,4,4,4,4,5,4,2,5,4
57,2,6,2,1,3,5,4,6,4,4,3,4,2,5,6,4,4,5,4,4,5,4,2,4,4,4,4,3,4,5,4,4,3
58,1,4,4,1,5,4,5,5,2,3,5,4,2,5,6,5,3,4,5,5,4,3,5,4,5,5,4,5,5,4,4,4,4
59,2,4,3,1,4,5,6,3,6,5,5,4,3,5,4,5,2,5,4,2,3,4,5,5,5,5,5,4,5,5,4,5,4
60,2,3,4,1,4,4,5,4,5,5,5,3,2,4,5,5,5,3,5,5,3,4,4,4,4,4,4,4,5,5,4,4,5
61,1,3,1,1,3,5,5,2,4,4,4,5,2,4,5,4,4,5,4,4,5,4,5,4,2,3,5,4,4,4,4,5,3
62,1,6,3,1,4,4,4,4,5,3,5,2,2,5,3,2,4,4,2,5,4,4,4,5,4,4,4,5,4,3,3,4,3
63,1,3,2,1,4,3,5,4,6,6,5,1,4,4,6,3,3,4,5,4,3,5,5,3,5,5,4,5,4,5,3,4,4
64,2,4,1,1,4,5,6,3,5,4,4,5,4,5,4,4,4,4,5,5,3,4,2,4,5,5,4,3,5,3,4,4,4
65,2,3,2,1,5,5,3,4,5,4,4,2,4,3,6,5,4,5,5,4,2,3,4,4,4,5,4,5,4,5,4,5,4
66,2,3,4,1,4,4,6,5,4,6,6,2,2,5,5,5,4,4,5,4,4,5,5,4,5,5,5,4,4,3,5,5,4
67,2,4,2,1,2,3,6,3,5,1,2,6,5,2,1,4,4,4,5,4,3,5,4,3,5,5,3,3,4,4,4,5,5
68,2,3,3,1,3,1,6,5,6,1,3,2,6,4,1,4,3,4,5,4,4,4,5,4,5,5,5,4,4,4,4,4,5
69,2,3,4,1,5,1,6,4,3,1,5,1,6,5,3,4,2,2,3,1,1,1,1,3,3,4,3,2,1,1,3,3,4
70,2,3,3,1,2,1,4,3,3,1,5,3,2,2,3,5,4,5,4,5,5,5,4,4,4,4,4,4,5,4,4,5,4
71,1,3,3,1,1,1,1,1,1,1,6,6,4,5,1,4,4,3,4,4,5,4,4,3,5,4,5,4,3,4,3,5,4
72,2,3,4,1,5,1,5,6,5,6,5,1,5,4,2,3,3,4,3,4,3,5,4,4,5,5,4,5,5,4,5,4,3
73,2,4,3,1,2,1,6,3,3,1,4,6,1,2,3,4,5,3,4,4,5,4,4,4,5,4,4,4,5,5,5,5,5
74,2,5,3,1,2,1,2,5,6,6,5,6,6,4,1,5,5,5,4,4,4,5,5,4,5,4,5,3,3,4,5,4,3
75,2,3,4,1,4,5,2,6,6,2,6,6,4,5,2,4,1,2,1,3,1,2,3,3,3,2,2,1,3,2,1,2,3
76,2,1,2,1,2,3,1,6,2,6,3,6,5,4,2,5,4,5,5,4,5,4,5,4,5,4,4,4,5,5,3,5,4
77,1,4,5,1,4,3,1,1,3,2,6,6,2,4,2,4,5,3,4,5,5,5,4,4,4,4,5,4,4,5,4,4,4
78,1,2,1,1,1,5,6,3,5,5,3,6,4,4,4,5,4,5,5,4,5,3,4,3,5,4,5,4,5,4,4,5,5
79,2,4,4,1,2,5,5,4,3,1,6,6,5,5,3,5,5,4,5,5,5,3,3,5,4,5,4,5,4,4,5,5,3
80,2,4,3,1,4,5,6,3,2,5,5,2,6,5,1,5,5,3,3,4,5,3,5,5,5,4,4,5,5,5,4,4,3
81,1,2,4,1,4,4,1,5,1,1,3,6,5,5,6,5,5,4,4,4,3,4,4,4,4,5,4,5,5,5,5,5,3
82,1,4,3,1,3,4,2,6,5,1,2,3,6,4,3,1,1,2,3,2,1,1,2,2,4,3,3,4,2,2,1,2,3
83,1,4,2,1,4,2,6,4,6,6,3,6,1,6,3,5,5,4,5,5,3,5,4,5,3,4,4,5,5,4,3,5,4
84,1,2,2,1,4,4,1,6,6,2,3,1,4,4,4,4,4,5,5,5,5,3,3,3,5,4,4,5,3,5,4,4,5
85,1,5,3,1,3,5,1,4,5,2,3,3,4,5,6,5,4,3,4,5,5,5,4,4,5,4,4,4,4,4,5,3,4
86,2,2,3,1,4,3,4,3,6,1,5,3,6,6,2,1,2,2,1,2,2,3,3,2,4,3,2,1,4,2,4,2,2
87,1,5,2,1,2,2,2,4,5,6,5,6,1,5,6,3,3,5,5,5,3,4,4,3,5,5,4,5,3,5,4,4,4
88,1,5,1,1,5,5,1,6,1,6,5,1,2,4,2,4,3,4,3,4,5,3,3,5,5,5,4,5,4,3,5,4,5
89,2,3,3,1,3,1,6,4,6,2,3,1,5,4,4,1,3,3,1,3,3,1,1,2,1,3,1,4,3,4,2,1,1
90,1,2,1,1,4,3,5,3,3,1,2,4,5,5,2,5,4,4,4,3,4,5,5,3,4,4,3,4,5,5,5,5,4
91,2,3,3,1,3,4,6,3,6,1,6,6,4,4,4,4,5,5,4,4,4,5,5,5,3,5,5,5,5,5,4,3,5
92,2,2,4,1,2,5,5,3,1,1,5,3,1,5,2,3,5,5,4,5,3,4,5,3,5,4,5,4,3,4,3,4,4
93,2,1,2,1,2,5,6,3,3,5,6,2,2,6,3,4,5,3,4,4,4,5,5,5,5,4,5,4,3,4,5,4,5
94,1,2,4,1,5,5,1,3,3,5,1,6,4,4,1,5,4,5,4,3,5,4,5,5,5,4,5,3,5,5,4,4,5
95,2,3,3,1,3,4,1,5,6,2,2,6,5,4,2,5,5,5,4,5,5,4,4,4,5,4,4,5,5,4,5,5,5
96,2,4,3,1,1,5,5,1,5,6,5,2,4,1,2,4,5,5,4,3,5,4,4,4,5,5,5,5,4,4,5,5,4
97,2,5,2,1,2,5,6,4,3,6,3,4,6,4,2,5,4,4,5,4,3,4,5,5,5,4,4,4,3,4,4,5,4
98,1,6,3,1,5,3,1,4,3,5,3,1,2,5,1,1,1,1,2,1,3,2,1,3,1,2,2,2,1,3,3,3,2
99,2,4,3,1,5,1,5,4,2,1,5,6,2,4,2,4,4,5,4,3,5,4,3,4,5,3,4,4,5,4,5,4,5
100,1,4,3,1,2,3,5,4,4,1,2,3,5,4,1,5,3,4,4,4,4,5,4,4,4,3,5,3,4,5,4,3,5
101,1,2,4,1,5,1,1,6,4,6,3,1,2,2,1,5,5,4,4,4,5,4,4,4,5,4,4,4,4,3,5,4,4
102,2,3,4,1,4,5,6,6,3,3,3,6,1,5,2,4,4,4,4,4,5,4,5,4,3,4,5,5,3,4,5,5,4
103,1,3,4,1,2,5,5,3,3,4,3,2,1,5,1,4,4,5,5,4,4,5,5,3,3,5,5,5,3,5,5,5,3
104,2,3,2,1,5,3,2,2,5,2,1,6,1,6,1,3,3,3,2,2,3,3,2,2,2,3,2,3,1,1,2,1,1
105,1,3,3,1,4,5,2,6,3,2,2,6,1,1,3,3,3,5,4,4,5,5,5,4,5,3,5,5,5,5,5,5,4
106,1,3,3,1,3,2,6,6,6,5,6,4,5,5,2,4,4,5,5,5,4,5,5,4,4,5,4,4,5,4,5,5,4
107,2,3,4,1,4,5,6,6,5,2,6,1,4,4,2,3,5,5,3,4,5,5,5,5,4,4,4,5,5,5,3,5,3
108,2,4,1,1,3,4,2,4,6,5,4,6,3,5,2,5,5,4,4,3,5,5,4,5,3,5,4,5,4,4,5,3,5
109,1,2,4,1,4,5,1,6,6,6,2,2,5,6,1,3,4,5,4,5,4,4,5,4,3,4,5,5,3,5,5,5,4
110,1,3,4,1,2,3,5,6,1,1,2,2,4,5,4,5,4,4,4,4,3,5,4,4,5,5,5,4,4,4,5,4,5
111,2,3,4,1,4,1,2,3,3,6,6,3,4,5,2,4,5,4,3,3,5,4,4,5,3,4,3,4,5,5,4,4,5
112,2,3,4,1,4,1,5,4,3,5,6,3,1,4,3,4,4,4,4,5,5,3,4,5,4,4,5,5,4,3,3,5,4
113,1,3,3,1,4,5,1,3,3,6,4,3,5,4,1,5,4,5,5,4,4,4,5,4,3,4,3,4,5,5,5,5,5
114,1,2,3,1,3,3,6,6,6,5,5,3,5,4,1,4,4,4,5,3,4,5,4,5,4,5,4,4,4,5,5,5,5
115,2,3,3,1,2,5,1,6,5,5,4,6,1,5,1,2,2,3,1,1,1,3,3,1,4,2,3,1,2,1,1,3,4
116,1,2,3,1,3,1,6,6,1,2,2,3,2,2,3,4,5,5,5,3,4,4,5,5,4,3,4,3,3,3,4,5,4
117,1,4,5,1,3,4,6,3,6,6,6,1,4,4,2,5,4,3,4,5,5,5,4,5,4,4,5,4,4,4,4,5,4
118,2,1,2,1,2,3,1,6,2,4,3,2,1,5,1,5,5,5,3,4,4,4,5,4,5,4,3,5,4,4,3,5,5
119,2,4,2,1,3,4,1,6,6,6,2,1,1,4,1,4,3,4,3,4,5,5,5,4,3,4,5,3,5,3,5,5,5
120,1,3,4,1,4,4,5,6,6,4,4,3,2,4,2,4,5,5,3,5,4,5,4,4,4,4,4,5,5,5,3,4,5
121,1,6,2,1,3,5,6,5,6,2,2,1,6,4,5,5,4,4,4,4,5,5,5,3,5,3,5,4,5,5,4,5,4
122,2,3,3,1,5,5,4,6,6,5,4,2,4,4,5,5,5,5,5,4,4,5,4,2,2,4,3,4,5,4,4,4,4
123,1,5,2,1,4,5,5,5,5,4,5,3,2,6,3,5,4,2,4,4,4,4,5,3,4,3,2,3,4,5,4,3,5
124,1,3,3,1,4,4,6,4,5,3,4,2,4,4,5,4,4,4,5,4,2,5,5,4,5,2,4,4,5,4,4,4,4
125,1,4,3,1,4,5,5,4,5,3,5,5,3,6,5,5,3,4,4,3,4,4,3,4,4,5,5,5,4,4,4,5,5
126,1,3,4,1,4,3,4,1,6,6,2,6,1,5,2,2,2,1,1,1,4,1,3,1,3,2,3,2,1,2,3,2,2
127,1,4,2,1,3,5,2,3,6,5,2,6,2,5,1,3,4,4,5,4,5,3,4,4,4,5,5,5,5,4,4,5,4
128,2,2,4,1,3,3,1,3,6,1,3,5,6,5,1,5,5,4,4,4,4,5,5,4,3,4,3,5,5,5,4,3,4
129,1,3,3,1,3,4,6,6,6,2,3,2,2,5,6,4,3,4,4,5,3,4,5,5,5,4,4,4,3,3,4,4,4
130,2,2,1,1,2,4,5,6,4,5,4,3,3,5,3,4,5,4,5,5,2,4,5,5,4,5,4,3,4,4,5,4,4
131,2,6,3,1,3,4,5,5,2,2,6,3,4,5,5,4,4,3,3,5,4,4,5,4,4,5,5,3,5,4,4,4,4
132,2,3,3,1,4,3,1,1,2,3,3,6,1,4,3,4,4,5,5,5,5,4,4,5,5,5,5,5,4,4,3,3,4
133,1,4,4,1,4,4,2,5,6,4,5,2,3,6,2,2,4,5,4,4,4,4,5,5,4,4,4,5,5,4,5,5,3
134,1,5,2,1,1,2,6,4,6,4,2,3,5,6,3,4,5,5,4,4,4,5,5,4,5,4,5,5,4,5,5,5,3
135,2,5,2,1,4,5,3,6,6,5,5,5,1,4,1,4,4,4,1,1,1,1,1,3,2,2,2,2,1,1,1,3,2
136,2,4,2,1,3,5,6,3,3,4,6,1,5,6,4,4,4,4,3,5,3,5,4,3,3,4,3,5,5,3,3,4,4
137,1,5,2,1,4,4,5,4,6,6,5,4,2,5,6,2,4,4,4,5,5,5,4,4,3,2,4,5,5,5,4,4,2
138,2,4,1,1,4,4,5,4,6,5,5,3,2,5,5,4,5,2,3,5,4,4,5,4,4,4,4,3,4,4,4,5,3
139,2,2,4,1,4,3,5,4,6,5,4,3,3,5,4,4,4,5,5,4,4,5,2,5,5,4,4,5,5,3,4,3,3
140,2,2,3,1,5,4,5,4,6,4,4,3,2,5,4,3,4,4,4,5,4,4,4,4,4,4,4,4,5,4,5,3,2
141,1,2,3,1,5,5,6,4,5,4,4,2,3,6,6,5,5,4,2,5,3,5,4,5,4,5,5,4,5,5,5,5,4
142,1,1,2,1,5,4,1,3,6,6,6,6,4,2,2,5,4,4,4,5,3,4,5,3,4,4,4,4,4,5,5,5,4
143,2,3,2,1,3,4,6,3,5,6,2,1,4,2,2,5,4,4,5,5,5,5,5,4,3,5,4,4,4,4,4,5,4
144,1,1,1,1,4,2,6,1,3,3,6,1,6,4,2,5,5,5,4,5,4,5,3,5,4,4,4,4,4,5,3,5,4
145,2,2,3,1,5,3,3,4,4,5,5,2,3,5,3,5,5,5,3,3,4,2,5,5,5,5,5,2,4,3,4,3,4
146,2,4,2,1,5,5,5,3,4,4,5,2,2,5,5,5,4,2,5,4,4,4,4,5,4,4,4,3,5,4,5,5,4
147,2,5,4,1,4,4,3,4,2,4,6,2,1,2,5,4,4,5,5,4,4,2,5,5,4,3,2,4,5,3,4,3,4
148,2,2,4,1,4,1,1,3,3,1,6,6,6,5,3,4,5,4,5,5,4,3,4,5,3,5,4,5,4,4,4,5,4
149,2,4,4,1,3,3,6,1,6,1,5,3,1,5,1,5,4,5,5,5,4,5,3,5,3,5,5,5,4,4,3,3,5
150,1,3,4,1,4,4,6,6,3,6,3,2,5,5,3,3,1,2,4,2,3,1,3,1,2,3,1,1,3,3,1,2,2
151,2,2,2,1,5,5,6,5,2,2,5,4,3,4,6,4,5,4,4,5,4,5,5,4,3,4,5,4,3,5,3,3,4
152,1,1,2,1,4,4,6,4,4,6,3,2,2,5,4,4,4,5,5,2,2,4,5,4,5,4,4,5,5,4,3,5,3
153,2,5,1,1,4,2,5,4,2,4,4,3,2,3,5,4,3,5,2,4,5,4,4,4,4,4,4,3,5,5,5,5,4
154,2,2,1,1,4,4,5,4,3,5,5,4,3,5,6,4,4,5,2,4,4,4,5,3,5,4,3,4,5,5,4,4,5
155,1,6,2,1,4,5,4,5,5,6,5,2,2,6,4,5,4,3,2,5,5,5,5,4,4,3,5,4,5,2,3,4,4
156,2,3,4,1,1,1,6,3,6,1,4,2,1,6,1,5,5,5,5,4,4,4,3,5,4,5,4,4,4,4,4,3,4
157,2,2,2,1,3,3,2,6,4,6,4,1,2,5,6,5,4,5,5,4,5,5,5,2,4,3,5,4,5,3,3,5,2
158,1,2,2,1,5,5,5,5,6,3,2,2,2,4,6,3,5,4,4,5,5,3,5,5,4,3,4,4,4,4,4,5,2
159,2,5,2,1,4,4,2,5,6,4,5,2,2,5,6,4,4,5,4,4,5,4,5,4,4,5,5,5,4,4,3,5,3
160,2,4,2,1,4,3,6,4,5,4,3,3,3,5,5,3,4,5,4,5,4,4,2,4,4,4,4,2,2,4,4,4,2
161,2,4,4,1,3,4,2,6,5,2,4,1,1,5,4,3,5,4,4,5,4,5,5,5,5,4,3,5,4,3,5,4,4
162,2,2,3,1,2,3,6,5,1,5,2,3,6,5,6,5,4,4,5,5,4,3,5,4,4,5,5,5,5,5,4,5,4
163,2,2,2,1,5,2,4,5,5,4,5,5,2,4,3,4,5,5,5,5,4,5,4,4,4,5,5,3,5,4,5,4,4
164,2,6,1,1,4,5,6,3,5,4,5,3,5,5,5,5,4,5,4,5,5,2,4,4,4,5,4,4,5,3,4,4,4
165,1,3,3,1,4,3,4,4,4,5,4,5,3,3,4,5,4,5,3,4,3,3,5,4,4,5,4,4,2,5,4,4,4
166,1,3,2,1,2,2,5,4,5,5,5,3,3,4,5,5,4,5,4,3,4,4,5,4,4,4,5,4,3,3,4,4,3
167,1,4,2,1,5,4,1,3,6,6,3,6,6,5,3,3,4,5,4,5,5,5,4,4,3,4,5,3,4,4,5,4,5
168,1,5,4,1,5,4,5,3,3,1,5,6,6,5,2,5,5,5,5,4,5,3,4,4,3,5,5,5,5,4,4,5,4
169,1,2,3,1,4,5,6,5,4,4,5,3,3,5,4,4,3,5,5,4,5,4,4,4,4,2,5,5,4,3,5,5,4
170,2,2,4,1,4,5,4,4,4,3,5,3,3,5,4,4,4,4,2,5,5,2,4,4,4,5,3,5,4,5,4,4,4
171,2,5,3,1,2,4,4,6,4,4,5,2,2,4,6,5,4,5,5,4,4,5,3,4,5,3,4,5,4,5,2,3,4
172,2,1,1,1,2,1,1,5,3,3,3,3,5,5,3,4,3,5,5,4,4,4,4,5,4,5,3,4,4,5,4,3,3
173,2,3,1,1,2,5,5,6,5,6,4,1,5,6,3,5,4,5,5,4,4,5,5,4,3,5,3,3,5,4,5,4,5
174,1,6,4,1,3,4,1,6,5,1,4,6,4,4,1,4,3,5,5,5,5,4,4,5,3,5,4,4,5,5,4,5,5
175,2,6,1,1,4,5,5,4,6,5,4,2,2,4,6,5,4,2,5,5,2,5,5,4,4,4,4,5,4,5,3,4,5
176,1,2,2,1,4,4,5,4,6,4,5,1,2,4,6,4,4,5,5,3,4,5,5,4,5,5,5,4,4,4,4,4,4
177,1,6,2,1,4,4,6,3,6,4,5,1,2,3,6,2,4,5,5,2,5,4,4,4,4,5,5,5,4,4,3,5,3
178,2,2,2,1,3,5,4,4,6,4,3,3,5,4,6,5,4,5,4,4,5,5,5,4,5,4,4,4,2,3,5,5,3
179,2,3,2,1,3,3,5,6,6,1,4,3,6,4,4,4,5,4,4,5,5,4,4,4,5,4,5,4,3,3,5,5,5
180,1,2,4,1,2,1,3,1,5,5,6,3,2,5,2,3,5,5,4,4,3,4,5,5,5,5,4,4,4,4,3,5,5
181,1,3,3,1,3,5,1,5,1,6,6,6,6,4,2,5,5,5,5,4,5,5,4,3,4,5,4,4,5,4,4,5,4
182,2,2,3,1,4,5,5,4,5,3,4,2,1,5,5,4,4,4,4,5,4,3,2,4,4,4,5,4,4,4,4,5,3
183,1,2,4,1,4,4,5,4,6,4,5,2,4,5,4,4,4,5,5,5,4,4,5,4,4,4,4,4,5,5,4,3,4
184,2,2,2,1,3,4,5,6,5,5,4,2,2,5,5,4,3,5,4,4,2,5,5,3,4,5,4,4,2,5,4,4,4
185,1,4,2,1,3,5,4,5,6,4,2,2,2,5,5,5,4,4,5,4,4,4,5,4,4,3,4,4,4,5,4,5,5
186,1,3,1,1,5,5,6,4,6,3,5,3,2,6,6,3,4,5,5,4,4,5,4,5,5,4,4,5,3,4,5,5,4
187,2,3,4,1,5,3,6,3,1,6,5,3,2,4,3,5,4,5,4,5,3,5,5,5,4,4,5,3,4,3,5,5,4
188,1,3,3,1,4,5,5,2,6,6,4,2,4,5,5,3,3,4,4,5,3,5,5,4,4,5,4,5,5,4,4,2,3
189,1,1,4,1,5,5,2,5,4,4,6,3,2,6,5,5,4,5,2,4,4,2,4,4,3,3,4,3,4,4,5,5,4
190,1,5,3,1,4,3,4,3,5,4,5,3,5,5,2,4,4,5,5,3,5,4,5,4,4,4,5,3,5,5,5,4,3
191,2,6,4,1,3,3,5,4,4,5,4,3,5,6,2,5,4,4,5,3,4,4,4,5,3,5,4,4,5,5,4,3,4
192,1,2,3,1,4,1,6,3,6,2,2,6,6,5,1,3,5,5,4,3,4,3,4,4,5,4,3,4,5,5,4,5,5
193,1,2,3,1,4,4,5,6,5,5,4,4,4,5,6,5,4,5,4,5,5,3,5,3,4,5,4,4,5,3,4,4,5
194,2,3,4,1,4,5,5,4,4,5,6,4,2,4,5,5,5,5,5,5,4,4,4,5,4,4,3,5,3,3,3,4,4
195,2,2,4,1,2,3,6,4,6,6,4,1,2,4,4,4,4,5,3,4,3,4,4,5,3,4,5,3,4,5,3,4,5
196,2,5,2,1,5,5,5,4,3,4,5,3,1,5,4,4,5,5,4,4,3,4,3,4,4,4,4,5,5,3,5,5,4
197,1,5,3,1,5,3,4,4,5,5,4,2,4,5,6,3,4,4,2,3,3,5,2,4,4,5,5,4,2,2,5,4,3
198,2,4,2,1,3,2,6,6,6,4,3,3,6,4,3,2,1,1,3,1,1,2,2,4,1,3,2,2,2,2,1,1,3
199,1,5,3,1,4,3,6,6,6,4,3,2,2,5,6,2,3,5,5,4,4,5,4,5,2,5,4,3,3,5,4,5,4
200,2,5,3,1,4,3,6,5,6,4,5,1,3,6,5,4,4,5,4,5,5,5,4,4,5,5,5,5,5,4,4,4,2
201,2,4,3,1,4,5,5,5,6,4,3,2,4,4,5,5,4,5,5,5,3,4,5,4,4,5,4,5,5,4,4,5,4
202,1,3,3,1,4,3,1,3,5,1,2,3,2,6,2,5,5,5,5,5,4,4,4,3,5,5,5,5,5,4,4,5,3
203,1,4,2,1,5,4,5,4,3,4,5,4,2,6,4,5,4,3,5,4,3,4,5,4,4,5,5,4,2,5,5,4,5
204,2,3,3,1,4,5,6,2,3,4,4,2,3,2,4,4,4,2,2,3,3,3,5,5,4,4,5,4,2,4,3,5,4
205,1,3,2,1,4,3,6,4,3,4,3,2,3,5,6,5,4,5,4,2,4,3,5,3,4,4,3,4,4,5,4,5,5
206,2,3,4,1,3,5,4,4,5,4,5,2,2,3,6,4,4,4,5,4,4,4,5,4,5,4,4,5,3,4,2,4,4
207,2,3,4,1,1,5,6,6,6,2,4,6,2,5,1,3,5,5,4,4,4,5,3,5,5,4,4,4,4,5,5,4,5
208,1,3,4,1,4,4,6,2,5,1,6,1,2,5,2,3,3,4,3,4,3,5,4,4,4,5,5,5,4,4,4,5,4
209,1,3,5,1,5,4,6,5,6,5,6,2,2,5,5,5,4,5,4,5,4,4,4,5,4,5,5,4,5,5,4,4,4
210,2,5,2,1,4,5,6,4,6,4,6,3,4,5,6,5,5,5,5,4,3,4,5,4,4,5,5,5,4,4,4,5,4
211,1,6,3,1,4,2,4,6,6,6,6,3,2,5,2,4,2,4,4,3,4,4,3,5,5,4,3,2,5,4,5,4,4
212,1,2,3,1,5,1,6,6,6,2,5,3,6,5,1,5,5,4,5,4,5,4,4,5,4,4,5,4,4,4,5,5,5
213,1,4,3,1,3,3,6,5,6,1,3,1,1,5,4,3,4,5,4,4,3,5,5,4,5,5,5,3,4,5,4,5,5
214,2,5,3,1,4,5,3,6,5,4,3,2,5,4,5,5,5,5,5,3,4,4,2,4,3,2,4,4,5,4,4,5,4
215,2,2,3,1,4,5,4,4,5,6,4,1,2,4,3,4,3,5,4,5,3,4,5,4,4,4,3,4,5,4,5,4,4
216,2,5,2,1,4,5,4,6,4,4,5,3,3,3,6,5,2,5,5,5,5,5,4,5,5,4,4,4,5,4,5,4,5
217,1,3,4,1,2,5,6,4,5,2,5,1,1,1,2,5,4,4,5,5,4,3,4,5,4,5,5,5,4,3,5,5,3
218,2,3,2,1,4,2,1,3,5,1,6,6,1,4,3,5,4,5,4,3,3,4,4,3,5,5,4,3,5,4,3,5,5
219,2,3,4,1,3,3,6,3,6,4,6,6,6,5,4,5,5,4,4,5,4,4,5,4,5,5,5,5,4,4,5,4,5
220,2,2,1,1,4,5,5,4,4,5,5,1,4,5,6,4,4,4,4,5,3,2,5,5,4,4,4,5,5,5,5,2,2
221,2,5,3,1,5,3,6,4,5,6,5,2,4,5,5,4,2,5,5,4,5,4,4,4,4,4,4,3,4,2,4,4,4
222,2,3,1,1,2,5,6,4,3,5,4,3,3,3,3,4,4,2,4,2,5,2,3,4,4,4,4,5,5,5,4,3,4
223,2,2,4,1,5,4,6,4,4,4,5,2,2,6,5,5,4,3,4,5,4,4,5,4,4,5,5,4,5,5,5,5,4
224,2,2,3,1,1,1,6,3,2,1,3,6,6,4,6,2,2,3,3,2,4,1,1,2,3,3,1,3,3,1,3,2,1
225,2,5,2,1,4,4,5,4,6,2,5,2,2,5,5,4,2,4,4,4,4,4,3,4,4,4,4,5,5,3,5,3,4
226,1,4,2,1,5,5,6,4,4,4,4,1,2,5,3,4,4,2,3,4,5,5,5,5,4,4,4,4,5,2,5,5,3
227,2,5,5,1,2,5,6,6,2,5,5,2,4,6,5,4,3,5,5,5,4,4,5,5,5,5,4,5,5,3,3,3,4
228,1,4,3,1,3,3,6,5,3,4,4,1,6,4,2,4,5,5,5,4,4,4,5,5,4,5,5,4,5,4,5,4,4
229,2,2,4,1,3,2,4,4,6,1,3,6,1,5,3,4,5,4,4,4,5,5,4,4,4,4,4,5,5,4,4,4,5
230,2,4,1,1,2,5,6,3,2,1,3,1,6,1,3,4,5,4,4,5,4,4,5,3,3,5,3,3,3,5,5,5,5
231,2,2,2,1,5,5,5,6,6,4,5,3,2,5,3,4,4,5,3,5,5,4,5,4,4,4,4,3,5,5,5,5,5
232,2,3,4,1,4,4,5,6,6,5,5,1,4,4,4,4,4,3,4,4,4,5,4,4,3,4,4,5,2,4,4,3,5
233,1,3,1,1,4,4,6,4,4,6,5,2,2,6,4,5,4,5,5,3,4,3,3,4,5,4,4,4,4,4,5,5,5
234,1,3,4,1,4,3,6,5,4,1,3,2,2,4,3,3,5,5,5,4,4,5,5,5,3,5,3,5,5,5,4,4,4
235,2,4,3,1,1,1,6,6,3,1,5,2,1,6,1,3,4,5,5,3,3,4,5,4,3,5,4,5,4,5,5,3,4
236,1,4,2,1,5,4,6,4,6,4,5,3,2,5,6,4,5,4,5,5,4,3,5,4,4,4,4,3,5,5,5,4,4
237,2,3,2,1,4,5,3,4,5,5,6,4,2,4,2,4,2,5,5,3,5,5,3,5,4,5,4,5,5,4,4,4,4
238,2,2,3,1,5,4,6,3,5,5,3,1,5,3,5,5,5,5,4,4,3,4,4,4,4,3,5,4,4,4,5,5,4
239,1,4,3,1,3,3,5,5,2,5,6,5,4,2,5,5,4,4,4,5,5,5,5,2,2,4,5,5,5,2,4,5,4
240,2,3,4,1,4,3,1,3,4,6,1,3,2,5,3,2,2,3,2,1,2,1,3,1,2,3,2,3,2,1,1,4,1
241,1,2,1,1,3,3,3,3,5,3,3,3,6,6,1,5,4,5,4,5,4,4,3,4,4,5,4,5,4,5,5,4,4
242,2,5,4,1,4,3,2,2,4,3,5,3,2,5,4,5,5,4,5,3,4,5,3,5,4,4,4,3,4,4,5,5,4
243,1,4,1,1,4,4,6,4,6,4,2,2,3,4,5,4,3,5,5,4,4,5,3,5,4,5,3,2,4,3,5,3,4
244,1,1,2,1,4,2,1,3,6,6,6,6,1,5,5,5,4,4,3,4,3,4,4,3,5,3,4,4,5,5,4,3,4
245,1,4,3,1,5,1,6,3,3,6,6,6,5,4,5,5,5,5,4,4,4,4,4,4,3,5,4,4,5,4,4,4,3
246,2,3,4,1,3,5,6,6,6,2,5,3,2,4,6,5,4,4,2,2,4,4,5,5,4,4,2,5,5,5,5,4,4
247,1,3,1,1,2,5,3,4,6,5,4,2,3,5,5,2,4,5,2,5,3,5,5,5,4,4,5,5,5,4,2,5,4
248,2,4,2,1,5,5,5,5,4,4,5,1,4,5,6,2,4,5,5,5,5,4,5,4,4,4,2,5,5,3,4,4,4
249,1,4,2,1,5,4,6,4,6,4,4,3,2,5,5,4,4,5,3,4,4,5,3,2,2,5,4,4,4,3,5,2,4
250,1,4,3,1,4,3,3,3,6,6,1,1,5,5,1,4,4,3,5,5,4,5,5,4,4,5,3,4,5,4,3,5,4
251,1,3,3,1,5,3,6,3,6,2,6,3,2,4,4,5,3,5,4,3,5,3,5,4,5,4,4,4,5,3,5,4,4
252,1,5,2,1,4,2,6,6,3,2,5,6,6,5,2,5,5,5,5,3,5,4,4,4,4,4,5,5,4,3,4,5,5
253,1,3,3,1,4,5,5,5,6,4,6,2,2,6,6,3,3,2,5,2,4,4,5,5,4,3,5,5,5,4,5,4,4
254,2,2,3,1,5,4,6,4,6,6,4,1,2,3,4,4,4,5,5,3,4,4,4,3,3,3,4,5,4,5,4,3,4
255,1,6,2,1,3,2,2,6,1,1,1,5,3,3,1,3,3,3,2,3,5,2,2,2,5,3,2,1,2,1,3,3,5
256,1,3,3,1,1,1,3,3,1,1,3,1,1,2,1,1,1,5,2,5,2,2,1,1,5,1,5,2,3,5,3,3,1
257,1,2,3,1,3,1,6,3,3,5,5,6,1,5,3,4,5,3,4,5,4,4,4,4,3,4,4,5,5,5,4,5,3
258,2,2,3,1,5,1,2,3,1,2,1,1,3,4,3,2,5,3,3,4,5,1,3,2,2,1,5,1,3,4,5,1,5
259,2,2,3,1,2,2,1,6,4,6,2,3,5,6,2,2,1,1,2,1,1,1,1,3,1,2,1,5,2,1,3,4,3
260,1,4,2,1,4,1,6,1,6,1,2,3,5,2,2,5,4,5,5,4,4,4,4,4,5,4,4,5,4,4,5,3,5
261,2,2,3,1,2,1,1,6,1,1,2,3,4,4,3,5,3,4,5,4,3,4,4,5,4,4,5,5,5,4,4,5,3
262,1,4,1,1,2,3,1,6,2,3,2,4,1,2,3,2,1,3,4,3,2,3,2,1,1,1,1,1,3,1,5,2,3
263,1,1,4,1,3,5,2,1,4,3,3,3,6,3,2,1,5,1,3,2,1,1,5,3,2,5,1,1,1,1,2,2,3
264,2,2,4,1,3,4,1,1,3,2,4,6,2,4,2,5,4,5,5,3,4,5,5,5,5,5,5,5,5,5,5,5,5
265,2,4,3,1,3,1,6,6,1,2,3,6,4,1,4,2,1,2,1,4,1,2,1,3,2,1,5,3,1,2,5,2,1
266,1,1,5,1,3,1,4,2,1,1,2,6,5,2,1,3,2,3,2,1,1,1,5,2,3,1,1,5,2,3,1,3,1
267,2,3,2,1,5,4,2,2,3,6,2,6,3,1,3,2,2,1,1,3,2,3,3,3,1,3,3,2,1,3,1,3,2
268,1,2,2,1,3,2,2,3,2,3,1,6,1,2,3,2,2,2,1,1,2,5,2,3,3,5,2,5,2,1,1,4,1
269,2,3,2,1,2,1,4,3,2,1,3,4,4,3,2,3,2,2,1,3,2,2,5,5,2,2,5,1,3,4,1,4,2
270,2,4,3,1,2,3,3,6,4,1,2,6,1,1,2,3,5,2,3,3,5,5,2,2,3,1,5,1,1,3,5,5,1
271,1,5,5,1,3,1,6,1,6,5,5,6,6,2,3,4,5,4,4,3,4,4,5,3,4,4,4,4,4,3,4,4,3
272,2,3,2,1,4,5,6,1,3,5,3,3,6,5,2,5,4,5,5,5,4,5,5,5,5,5,5,5,4,4,4,4,5
273,2,3,5,1,2,5,6,4,6,6,5,3,6,4,3,4,3,4,3,5,5,4,5,3,4,5,3,5,5,5,4,5,4
274,2,2,2,1,3,4,2,5,3,3,6,4,5,3,1,1,1,1,3,2,1,1,2,5,2,3,5,3,1,5,5,4,1
275,2,1,1,1,3,2,3,3,2,2,6,3,1,3,2,1,1,3,2,2,1,1,1,3,2,2,5,3,3,2,3,1,1
276,1,3,2,1,1,2,2,2,4,1,1,4,1,3,1,2,5,2,3,1,3,1,1,1,5,3,1,2,2,4,2,2,1
277,1,2,1,1,5,1,2,6,4,1,1,6,1,1,3,3,3,3,3,4,2,3,2,2,5,1,1,3,3,1,1,3,5
278,2,2,4,1,2,2,6,4,6,2,4,5,1,4,1,3,4,3,5,5,5,4,4,3,3,5,4,5,5,5,4,4,5
279,1,1,1,1,5,1,5,3,3,6,5,3,6,1,2,4,3,5,4,4,4,4,5,4,5,5,4,5,4,4,3,5,4
280,1,2,3,1,3,1,2,2,2,5,4,1,6,6,4,1,1,3,1,1,1,2,2,1,2,1,1,3,3,3,1,3,5
281,1,3,5,1,3,2,1,2,1,5,2,1,5,2,2,1,5,1,1,3,1,1,1,2,3,1,1,3,3,2,5,2,2
282,2,2,3,1,1,2,4,1,1,1,1,4,3,1,6,2,1,4,1,3,2,5,2,2,2,1,2,2,2,1,3,3,2
283,2,2,2,1,2,3,6,1,3,6,2,1,4,4,3,4,4,4,5,4,5,5,5,3,5,5,3,4,4,4,5,4,3
284,1,5,4,1,5,1,4,1,4,5,5,3,4,5,3,3,4,3,1,3,1,2,2,3,1,3,3,1,2,4,1,1,1
285,1,1,1,1,3,3,5,6,5,6,5,6,4,4,1,5,4,5,3,5,3,5,4,5,4,5,4,4,5,4,4,4,4
286,2,4,2,1,5,3,6,5,1,6,2,1,6,2,4,2,2,5,4,3,2,3,4,1,5,2,1,1,2,3,1,3,5
287,1,2,4,1,2,3,3,1,3,6,3,4,5,4,4,3,3,4,3,3,1,3,1,3,1,1,1,1,1,3,1,3,1
288,2,2,2,1,2,3,1,3,2,1,1,5,6,4,2,1,5,4,2,1,3,5,1,2,2,3,1,3,3,3,1,4,5
289,1,6,2,1,5,1,2,3,4,3,2,1,1,2,1,1,2,2,2,1,1,3,3,1,3,1,1,3,2,3,3,3,1
290,1,4,3,1,3,1,5,3,1,1,6,6,1,5,4,5,4,4,4,5,5,5,4,5,5,5,4,4,5,4,5,5,4
291,1,6,3,1,1,2,2,5,4,2,3,6,6,2,2,5,5,1,2,1,2,2,3,2,1,1,2,3,1,2,3,2,1
292,1,6,4,1,3,2,1,1,2,2,6,4,6,6,1,1,2,1,3,1,1,1,2,5,2,2,5,2,3,1,2,1,2
293,1,5,1,1,3,1,3,3,3,3,3,4,5,1,4,2,1,1,3,1,3,1,1,3,3,1,1,5,4,3,5,3,5
294,1,3,3,1,4,1,6,5,5,2,2,1,5,5,1,5,5,5,5,4,4,4,4,5,5,5,5,5,4,4,5,5,5
295,2,4,3,1,3,3,1,5,6,1,3,3,1,5,6,5,5,4,4,4,4,5,5,5,5,4,3,4,4,4,4,5,4
296,1,2,2,1,1,5,2,1,5,1,6,6,3,3,4,1,5,4,4,2,5,3,1,3,3,2,1,1,1,1,1,1,1
297,1,3,4,1,2,3,1,5,2,4,3,1,1,4,1,4,4,4,4,5,5,4,4,4,5,5,4,5,5,4,5,5,4
298,2,4,3,1,3,2,3,1,2,3,1,5,4,2,4,3,2,2,2,1,2,3,4,2,2,2,5,2,1,5,1,1,1
299,1,2,3,1,2,3,2,6,1,1,3,6,4,6,3,5,1,5,2,2,1,2,4,1,3,1,1,1,3,3,1,1,1
300,1,3,4,1,5,3,4,6,3,1,2,4,6,6,3,5,2,4,3,1,1,1,5,3,1,5,3,3,2,2,2,2,1
301,1,2,2,1,5,1,1,6,2,3,4,3,5,6,2,2,1,1,3,1,1,3,3,1,2,5,2,3,3,5,2,3,3
302,2,2,2,1,3,5,6,6,3,1,2,6,2,5,1,3,5,5,3,4,4,5,4,4,5,3,5,5,5,5,4,3,5
303,2,1,2,1,3,3,3,5,4,2,1,3,5,3,2,3,3,1,1,1,2,2,3,2,5,3,2,3,3,2,2,2,3
304,2,2,3,1,5,4,1,3,1,2,3,5,6,2,2,2,5,4,1,1,1,3,5,3,1,5,1,3,1,2,5,5,1
305,1,5,2,1,2,3,1,1,2,1,3,3,4,2,1,3,1,3,1,3,3,2,2,2,3,3,3,3,3,1,3,5,1
306,2,5,3,1,2,5,2,4,6,5,1,1,1,4,1,4,5,3,5,4,4,5,4,4,5,5,4,4,5,3,4,5,5
307,2,3,1,1,2,1,2,4,5,1,6,3,4,1,3,4,3,4,5,3,5,5,5,5,5,4,5,4,3,3,4,4,5
308,1,4,1,1,2,1,4,3,4,3,2,4,4,2,3,2,1,1,4,1,2,3,1,2,5,1,3,1,1,3,2,2,2
309,1,2,4,1,1,3,2,1,2,1,1,6,1,1,4,3,3,3,2,4,1,1,3,2,2,3,1,5,3,3,2,2,3
310,1,5,3,1,2,2,2,6,2,5,4,1,5,1,4,1,1,2,2,3,1,1,3,1,3,2,3,3,1,1,1,2,2
311,2,5,4,1,4,5,6,4,6,6,3,2,4,6,1,3,5,5,5,5,4,5,3,4,3,4,5,4,5,4,5,4,5
312,2,2,2,1,1,1,6,1,1,1,5,2,1,5,6,5,5,5,4,4,3,5,3,4,5,4,4,5,4,4,5,4,4
313,1,5,3,1,2,3,6,4,1,5,3,2,5,5,1,1,1,4,2,3,1,4,3,3,3,1,4,3,2,3,3,1,1
314,2,2,3,1,2,3,4,1,1,6,4,3,1,1,4,3,1,1,1,2,1,2,1,3,1,5,2,5,3,4,5,1,1
315,2,4,4,1,2,2,4,2,3,6,2,6,6,6,1,2,5,1,4,2,1,1,1,1,2,1,1,2,1,2,2,5,2
316,2,4,1,1,5,4,5,1,4,2,2,2,1,5,1,4,4,5,5,4,5,3,3,4,4,5,3,4,5,4,3,5,5
317,1,1,2,1,2,4,3,6,3,3,2,4,5,1,6,1,3,2,3,3,3,3,2,2,1,2,1,2,2,4,3,3,2
318,1,5,1,1,2,3,1,3,1,3,3,3,1,3,6,2,5,2,3,2,2,3,3,1,2,3,1,1,4,3,3,1,3
319,2,2,2,1,1,1,2,2,4,3,4,1,3,2,3,1,2,3,2,3,3,1,3,5,5,3,3,5,1,3,2,1,2
320,2,3,2,1,2,1,2,2,2,3,4,3,3,3,1,5,1,2,1,1,1,3,3,2,1,3,1,2,2,1,1,3,2
321,1,2,3,1,2,5,6,2,6,2,5,6,1,5,2,2,2,1,1,4,1,4,2,1,1,4,2,3,1,1,1,2,1
322,1,5,1,1,3,3,4,2,3,6,1,1,3,2,6,3,3,4,2,5,2,1,2,3,3,2,5,3,1,3,2,3,2
323,2,1,2,1,5,2,1,2,3,3,6,6,3,6,2,1,5,3,1,3,3,2,1,3,1,1,5,2,4,2,3,5,1
324,1,3,2,1,2,3,3,3,1,5,4,1,1,2,2,3,3,4,3,4,3,3,2,5,3,2,1,5,2,1,2,3,5
325,1,3,2,1,5,3,4,1,3,1,2,4,1,3,1,1,1,1,1,3,5,3,3,2,3,2,3,5,4,3,2,2,3
326,2,2,5,1,3,5,2,3,6,1,6,5,5,5,3,3,5,5,5,5,5,4,5,4,4,4,3,5,4,4,3,5,3
327,2,5,3,1,3,2,6,3,6,3,3,2,2,5,1,4,5,4,3,4,4,4,5,5,4,4,5,4,5,5,4,4,4
328,2,3,4,1,3,2,6,6,6,1,6,6,1,5,1,1,1,1,1,3,3,2,2,2,4,4,3,1,4,2,1,3,2
329,2,3,1,1,1,2,4,1,2,1,3,1,4,2,4,1,3,1,2,1,1,1,2,2,1,1,3,2,3,3,3,1,1
330,2,5,1,1,3,2,3,1,1,2,1,3,4,4,1,1,2,2,4,2,2,2,4,3,3,5,5,3,1,3,2,3,2
331,2,2,5,1,3,2,4,1,2,3,4,6,1,2,2,5,2,1,1,5,3,1,4,1,2,5,3,1,1,4,3,4,3
332,2,5,2,1,3,5,1,1,6,4,2,4,3,5,1,3,2,3,3,3,2,1,2,4,1,3,2,4,3,2,4,1,2
333,2,1,2,1,5,1,1,4,3,6,5,6,2,5,1,1,4,4,3,1,3,2,4,4,1,1,2,1,2,1,3,1,4
334,1,4,3,1,2,1,2,1,6,6,5,1,1,4,5,5,3,5,4,4,5,5,5,5,5,4,5,5,5,5,5,5,4
335,1,3,2,1,1,3,4,2,2,5,4,4,6,6,3,2,3,3,4,3,5,2,2,5,3,2,1,5,1,5,1,1,2
336,2,5,3,1,2,1,2,6,2,1,3,1,1,2,3,3,2,1,2,3,1,2,1,1,3,1,1,1,3,2,3,3,1
337,2,6,2,1,2,3,4,3,2,2,1,5,5,3,1,3,2,2,1,5,1,3,1,2,3,2,1,3,3,4,1,2,5
338,1,6,3,1,1,1,1,5,3,2,3,5,3,3,1,2,5,3,2,5,3,5,2,1,2,1,1,2,2,2,5,1,1
339,1,2,3,1,2,5,1,4,3,5,3,1,6,6,3,2,2,1,2,3,4,1,3,2,4,2,2,1,2,4,4,1,1
340,2,2,2,1,1,1,4,3,3,3,3,1,6,2,1,1,2,3,3,3,1,2,1,1,1,3,1,2,1,3,3,5,5
341,1,3,2,1,1,4,4,2,1,2,2,6,4,3,1,5,2,2,2,5,2,5,2,2,1,2,2,5,1,1,1,1,1
342,2,3,3,1,1,2,6,1,1,1,6,4,6,2,1,1,2,1,1,2,3,3,2,3,3,3,1,5,1,1,3,4,3
343,2,4,1,1,5,2,4,3,2,3,1,1,4,3,3,2,2,2,4,2,1,2,3,1,5,1,1,2,1,3,3,4,1
344,2,3,4,1,1,4,2,4,5,2,6,1,6,5,2,4,5,5,3,5,3,5,4,5,3,4,5,4,4,4,5,3,5
345,1,4,3,1,1,4,1,6,5,5,2,1,1,4,3,3,2,4,2,4,1,2,3,2,5,3,1,3,4,2,3,2,1
346,1,3,3,1,3,2,2,1,2,3,3,5,3,6,6,1,3,1,2,3,1,2,1,1,2,2,5,1,4,1,3,4,3
347,2,3,3,1,4,5,5,4,6,2,6,2,1,5,1,4,4,3,5,5,5,4,5,4,3,5,5,5,3,4,5,5,5
348,2,2,4,1,5,3,6,4,5,4,5,6,1,4,2,4,4,5,4,5,4,5,5,4,3,3,3,5,5,5,4,3,4
349,1,3,4,1,2,3,1,5,1,2,3,6,6,5,2,5,5,4,5,5,5,5,4,3,4,4,3,5,4,5,5,4,5
350,2,2,3,1,3,2,4,1,1,1,4,1,6,2,1,1,1,3,3,1,1,3,4,2,1,5,5,1,2,3,1,2,5
351,1,5,2,1,5,2,2,3,5,2,6,6,5,1,3,2,1,1,2,1,1,1,3,1,1,3,5,5,3,1,1,1,5
352,1,5,3,1,4,5,1,5,6,4,5,1,5,1,2,5,5,3,4,4,3,5,4,5,5,5,5,4,4,4,5,5,5
353,2,2,2,1,3,3,6,3,6,4,5,6,2,4,4,5,4,3,5,3,5,4,3,5,5,3,4,3,5,3,3,5,5
354,1,3,2,1,3,3,2,3,5,1,2,6,2,5,1,5,4,4,3,4,4,3,3,5,5,4,4,4,4,4,4,5,5
355,2,5,5,1,4,1,1,3,5,1,2,1,1,5,1,4,3,4,3,3,3,4,4,5,5,3,3,3,5,4,4,5,5
356,1,1,1,1,2,3,6,3,6,3,3,2,2,5,3,4,5,5,4,4,5,4,5,5,3,5,3,5,5,5,5,5,4
357,1,3,3,1,2,3,5,3,4,5,6,3,6,5,2,1,3,3,3,2,1,3,2,2,1,2,3,4,1,1,4,1,3
358,1,5,2,1,3,4,1,1,6,5,3,1,5,5,3,4,5,3,5,5,4,5,5,5,5,5,4,5,3,4,4,4,4
359,2,2,2,1,1,3,1,6,3,5,1,1,5,5,3,4,5,5,5,4,4,5,3,5,5,5,4,5,5,4,3,5,4
360,2,1,2,1,2,1,6,5,3,1,5,2,6,4,3,2,2,1,2,2,3,1,3,3,3,2,1,1,1,2,4,3,3
361,1,3,2,1,4,1,1,5,3,1,6,1,6,2,1,4,3,3,3,1,3,2,2,1,1,4,2,1,1,3,3,1,1
362,1,3,1,1,4,5,1,6,1,4,4,1,6,2,5,3,4,3,5,5,4,3,4,3,5,4,5,4,5,5,3,4,4
363,2,2,3,1,3,1,4,4,6,1,5,3,2,4,1,4,4,5,4,4,5,5,4,4,5,4,5,3,5,5,5,4,4
364,2,5,1,1,5,5,3,1,3,1,3,6,2,4,2,4,4,5,4,5,4,4,5,5,4,5,4,3,4,5,5,5,5
365,2,3,4,1,2,5,2,6,5,6,2,1,4,5,2,5,3,4,5,5,5,4,3,3,5,4,5,5,5,5,5,4,4
366,1,5,4,1,4,1,1,1,3,4,4,1,1,6,1,4,5,3,3,4,4,4,4,5,4,4,5,4,5,5,3,5,5
367,2,3,4,1,3,5,1,3,1,2,3,1,2,5,3,4,4,5,5,4,3,3,4,4,5,3,4,5,4,5,5,5,5
368,1,3,2,1,5,1,6,3,6,2,5,1,6,5,2,3,4,3,4,5,5,3,5,4,5,5,4,4,4,3,5,5,4
369,1,1,2,1,3,2,3,6,5,6,2,6,5,4,2,5,5,5,4,5,5,4,4,3,4,3,4,4,4,4,5,5,5
370,1,2,4,1,4,2,2,1,3,5,6,6,1,4,1,4,4,5,4,5,5,4,3,4,4,4,5,4,5,5,5,4,4
371,1,2,4,1,1,5,6,3,5,1,3,2,1,4,1,5,5,5,4,5,3,5,5,4,4,4,5,4,5,5,5,5,4
372,1,2,4,1,4,1,1,4,3,6,5,3,1,4,2,4,5,5,5,4,4,4,4,3,5,4,5,4,5,5,5,5,5
373,1,4,3,1,2,3,5,4,5,6,6,1,5,5,1,4,4,3,5,4,4,3,3,5,3,4,4,5,4,5,4,3,5
374,1,4,4,1,4,5,3,3,3,4,2,1,2,5,1,3,3,2,1,1,3,1,1,4,3,1,1,2,1,1,1,3,2
375,2,4,3,1,3,3,6,2,5,2,3,6,1,4,5,4,5,5,5,4,4,5,4,4,5,5,4,4,4,5,5,3,4
376,2,2,3,1,3,4,6,1,5,1,3,1,1,5,6,1,2,1,2,1,2,2,2,2,4,2,1,3,3,1,3,1,2
377,2,6,2,1,3,1,1,2,6,5,4,3,5,5,2,3,5,5,5,5,5,5,3,4,5,5,5,5,4,5,5,4,5
378,1,6,1,1,4,5,2,4,3,1,3,3,4,6,2,4,5,4,4,5,5,4,5,3,4,4,5,5,5,5,4,4,5
379,2,3,4,1,5,3,5,6,6,2,4,3,5,6,2,4,5,5,3,5,3,5,5,4,4,3,3,5,5,4,3,4,4
380,1,5,3,1,4,3,1,1,4,6,5,6,1,4,2,3,3,4,5,5,4,4,4,5,4,3,3,5,3,5,5,3,4
381,1,3,3,1,3,5,1,6,3,4,4,2,1,5,2,4,3,5,4,4,4,5,4,5,5,5,3,4,4,5,5,5,4
382,1,4,3,1,5,4,1,3,5,1,3,6,2,5,6,5,4,5,5,5,4,4,5,5,4,5,5,3,5,5,5,3,4
383,1,5,5,1,4,5,1,6,6,4,2,6,4,1,6,4,5,4,5,4,4,5,5,4,4,5,4,3,3,5,3,4,3
384,2,5,3,1,2,4,6,5,3,4,3,1,6,4,1,4,5,4,5,5,5,5,4,5,3,3,5,5,5,4,4,5,4
385,2,3,3,1,3,1,6,5,2,4,3,2,4,5,4,4,3,4,3,4,5,5,5,4,4,5,4,3,4,4,5,4,4
386,2,3,2,1,4,1,6,5,5,6,3,6,4,1,1,3,4,5,5,4,4,3,5,4,5,3,5,4,4,4,5,5,4
387,2,3,4,1,4,2,1,6,4,6,5,1,3,5,4,4,3,4,4,3,3,5,5,4,5,5,4,4,3,4,5,4,5
388,2,3,4,1,3,1,2,6,6,6,2,1,2,6,4,3,5,3,3,5,4,5,5,5,4,4,3,3,5,5,4,4,5
389,2,2,2,1,3,5,6,4,1,5,6,1,2,5,1,1,2,3,2,2,3,1,1,1,3,1,1,4,4,1,2,1,3
390,1,4,4,1,5,3,1,3,6,1,5,6,4,4,4,3,4,3,4,5,3,4,5,4,4,4,5,5,5,5,3,5,3
391,2,1,2,1,5,5,6,6,5,6,5,2,1,5,2,4,4,3,4,5,5,5,3,5,5,5,5,4,4,4,5,3,5
392,2,2,4,1,4,3,3,1,4,2,2,6,5,4,3,5,3,3,4,4,4,5,4,3,4,3,4,5,5,4,4,5,5
393,2,2,4,1,2,3,6,1,5,1,5,6,1,5,2,5,5,5,5,5,5,5,5,4,4,5,3,4,5,4,5,3,5
394,2,1,2,1,2,1,2,6,3,6,2,3,1,1,2,5,3,5,4,5,5,5,3,3,5,4,3,5,3,5,4,5,5
395,2,2,4,1,1,1,1,5,3,1,2,4,4,4,2,4,3,5,4,4,4,5,5,5,4,5,5,5,4,4,5,4,5
396,2,2,4,1,3,3,4,5,3,6,3,6,6,6,6,3,3,2,3,2,1,2,2,1,2,3,2,4,3,1,3,2,2
397,1,2,4,1,4,3,6,1,3,6,6,3,5,5,3,3,4,3,5,5,5,4,5,5,5,5,5,4,5,5,3,4,4
398,2,4,3,1,4,3,1,5,6,1,2,1,2,4,4,2,4,2,2,3,2,3,2,3,1,2,1,2,2,1,2,2,3
399,2,2,2,1,2,3,6,6,3,1,4,2,2,4,3,4,5,4,3,5,3,3,4,4,5,4,4,5,5,4,5,5,4
400,1,4,3,1,4,5,4,3,6,3,6,3,2,4,1,5,4,4,4,4,5,5,5,5,5,5,4,5,3,5,5,4,3
401,1,4,3,1,3,5,4,1,5,1,3,3,1,2,2,4,5,5,4,5,5,4,5,3,4,5,4,5,4,3,5,3,3
402,2,1,1,1,5,5,2,1,3,4,6,1,6,4,4,1,3,1,4,2,2,4,2,1,1,1,1,2,4,1,2,1,2
403,2,2,1,1,3,2,6,6,3,1,3,6,1,6,1,2,1,2,4,1,2,2,4,3,2,1,2,1,1,1,3,2,2
404,1,3,3,1,3,1,1,4,6,6,3,6,4,6,3,4,3,4,5,5,4,5,4,5,3,4,4,5,4,5,5,5,5
405,1,4,4,1,4,1,5,4,5,1,5,1,5,2,2,5,5,4,4,4,3,3,5,4,4,4,4,5,3,4,4,4,5
406,2,3,4,1,4,2,5,5,1,1,2,6,6,2,4,5,5,4,3,5,4,5,5,5,5,5,5,5,5,4,5,5,5
407,2,2,4,1,4,5,2,5,6,1,1,6,4,4,3,5,5,5,5,5,5,3,5,4,3,5,4,5,5,5,5,5,5
408,2,3,3,1,4,3,2,3,6,1,1,1,6,4,2,5,4,4,5,4,3,5,5,3,5,4,5,5,5,4,4,3,4
409,1,4,3,1,1,4,6,4,3,1,4,1,1,5,3,5,5,5,4,3,5,4,5,5,3,3,3,4,4,3,5,4,5
410,1,4,3,1,2,1,1,1,2,4,6,6,4,4,4,5,5,4,4,4,4,3,3,5,5,4,5,5,5,5,4,5,5
411,1,1,2,1,3,1,1,6,3,1,2,6,5,5,1,5,5,4,4,5,5,4,5,3,5,4,3,5,3,5,5,3,4
412,2,5,2,1,4,1,5,3,5,6,3,6,6,5,6,5,5,5,3,4,3,5,5,5,5,4,4,5,4,4,4,4,4
